[{"date":20210307,"state":"AK","positive":56886,"probableCases":null,"negative":null,"pending":null,"totalTestResultsSource":"totalTestsViral","totalTestResults":1731628,"hospitalizedCurrently":33,"hospitalizedCumulative":1293,"inIcuCurrently":null,"inIcuCumulative":null,"onVentilatorCurrently":2,"onVentilatorCumulative":null,"recovered":null,"lastUpdateEt":"3/5/2021 03:59","dateModified":"2021-03-05T03:59:00Z","checkTimeEt":"03/04 22:59","death":305,"hospitalized":1293,"hospitalizedDischarged":null,"dateChecked":"2021-03-05T03:59:00Z","totalTestsViral":1731628,"positiveTestsViral":68693,"negativeTestsViral":1660758,"positiveCasesViral":null,"deathConfirmed":null,"deathProbable":null,"totalTestEncountersViral":null,"totalTestsPeopleViral":null,"totalTestsAntibody":null,"positiveTestsAntibody":null,"negativeTestsAntibody":null,"totalTestsPeopleAntibody":null,"positiveTestsPeopleAntibody":null,"negativeTestsPeopleAntibody":null,"totalTestsPeopleAntigen":null,"positiveTestsPeopleAntigen":null,"totalTestsAntigen":null,"positiveTestsAntigen":null,"fips":"02","positiveIncrease":0,"negativeIncrease":0,"total":56886,"totalTestResultsIncrease":0,"posNeg":56886,"dataQualityGrade":null,"deathIncrease":0,"hospitalizedIncrease":0,"hash":"dc4bccd4bb885349d7e94d6fed058e285d4be164","commercialScore":0,"negativeRegularScore":0,"negativeScore":0,"positiveScore":0,"score":0,"grade":""},{"date":20210307,"state":"AL","positive":499819,"probableCases":107742,"negative":1931711,"pending":null,"totalTestResultsSource":"totalTestsPeopleViral","totalTestResults":2323788,"hospitalizedCurrently":494,"hospitalizedCumulative":45976,"inIcuCurrently":null,"inIcuCumulative":2676,"onVentilatorCurrently":null,"onVentilatorCumulative":1515,"recovered":295690,"lastUpdateEt":"3/7/2021 11:00","dateModified":"2021-03-07T11:00:00Z","checkTimeEt":"03/07 06:00","death":10148,"hospitalized":45976,"hospitalizedDischarged":null,"dateChecked":"2021-03-07T11:00:00Z","totalTestsViral":null,"positiveTestsViral":null,"negativeTestsViral":null,"positiveCasesViral":392077,"deathConfirmed":7963,"deathProbable":2185,"totalTestEncountersViral":null,"totalTestsPeopleViral":2323788,"totalTestsAntibody":null,"positiveTestsAntibody":null,"negativeTestsAntibody":null,"totalTestsPeopleAntibody":119757,"positiveTestsPeopleAntibody":null,"negativeTestsPeopleAntibody":null,"totalTestsPeopleAntigen":null,"positiveTestsPeopleAntigen":null,"totalTestsAntigen":null,"positiveTestsAntigen":null,"fips":"01","positiveIncrease":408,"negativeIncrease":2087,"total":2431530,"totalTestResultsIncrease":2347,"posNeg":2431530,"dataQualityGrade":null,"deathIncrease":-1,"hospitalizedIncrease":0,"hash":"997207b430824ea40b8eb8506c19a93e07bc972e","commercialScore":0,"negativeRegularScore":0,"negativeScore":0,"positiveScore":0,"score":0,"grade":""},{"date":20210307,"state":"AR","positive":324818,"probableCases":69092,"negative":2480716,"pending":null,"totalTestResultsSource":"totalTestsViral","totalTestResults":2736442,"hospitalizedCurrently":335,"hospitalizedCumulative":14926,"inIcuCurrently":141,"inIcuCumulative":null,"onVentilatorCurrently":65,"onVentilatorCumulative":1533,"recovered":315517,"lastUpdateEt":"3/7/2021 00:00","dateModified":"2021-03-07T00:00:00Z","checkTimeEt":"03/06 19:00","death":5319,"hospitalized":14926,"hospitalizedDischarged":null,"dateChecked":"2021-03-07T00:00:00Z","totalTestsViral":2736442,"positiveTestsViral":null,"negativeTestsViral":2480716,"positiveCasesViral":255726,"deathConfirmed":4308,"deathProbable":1011,"totalTestEncountersViral":null,"totalTestsPeopleViral":null,"totalTestsAntibody":null,"positiveTestsAntibody":null,"negativeTestsAntibody":null,"totalTestsPeopleAntibody":null,"positiveTestsPeopleAntibody":null,"negativeTestsPeopleAntibody":null,"totalTestsPeopleAntigen":481311,"positiveTestsPeopleAntigen":81803,"totalTestsAntigen":null,"positiveTestsAntigen":null,"fips":"05","positiveIncrease":165,"negativeIncrease":3267,"total":2805534,"totalTestResultsIncrease":3380,"posNeg":2805534,"dataQualityGrade":null,"deathIncrease":22,"hospitalizedIncrease":11,"hash":"50921aeefba3e30d31623aa495b47fb2ecc72fae","commercialScore":0,"negativeRegularScore":0,"negativeScore":0,"positiveScore":0,"score":0,"grade":""},{"date":20210307,"state":"AS","positive":0,"probableCases":null,"negative":2140,"pending":null,"totalTestResultsSource":"totalTestsViral","totalTestResults":2140,"hospitalizedCurrently":null,"hospitalizedCumulative":null,"inIcuCurrently":null,"inIcuCumulative":null,"onVentilatorCurrently":null,"onVentilatorCumulative":null,"recovered":null,"lastUpdateEt":"12/1/2020 00:00","dateModified":"2020-12-01T00:00:00Z","checkTimeEt":"11/30 19:00","death":0,"hospitalized":null,"hospitalizedDischarged":null,"dateChecked":"2020-12-01T00:00:00Z","totalTestsViral":2140,"positiveTestsViral":null,"negativeTestsViral":null,"positiveCasesViral":null,"deathConfirmed":null,"deathProbable":null,"totalTestEncountersViral":null,"totalTestsPeopleViral":null,"totalTestsAntibody":null,"positiveTestsAntibody":null,"negativeTestsAntibody":null,"totalTestsPeopleAntibody":null,"positiveTestsPeopleAntibody":null,"negativeTestsPeopleAntibody":null,"totalTestsPeopleAntigen":null,"positiveTestsPeopleAntigen":null,"totalTestsAntigen":null,"positiveTestsAntigen":null,"fips":"60","positiveIncrease":0,"negativeIncrease":0,"total":2140,"totalTestResultsIncrease":0,"posNeg":2140,"dataQualityGrade":null,"deathIncrease":0,"hospitalizedIncrease":0,"hash":"96d23f888c995b9a7f3b4b864de6414f45c728ff","commercialScore":0,"negativeRegularScore":0,"negativeScore":0,"positiveScore":0,"score":0,"grade":""},{"date":20210307,"state":"AZ","positive":826454,"probableCases":56519,"negative":3073010,"pending":null,"totalTestResultsSource":"totalTestsViral","totalTestResults":7908105,"hospitalizedCurrently":963,"hospitalizedCumulative":57907,"inIcuCurrently":273,"inIcuCumulative":null,"onVentilatorCurrently":143,"onVentilatorCumulative":null,"recovered":null,"lastUpdateEt":"3/7/2021 00:00","dateModified":"2021-03-07T00:00:00Z","checkTimeEt":"03/06 19:00","death":16328,"hospitalized":57907,"hospitalizedDischarged":118932,"dateChecked":"2021-03-07T00:00:00Z","totalTestsViral":7908105,"positiveTestsViral":null,"negativeTestsViral":null,"positiveCasesViral":769935,"deathConfirmed":14403,"deathProbable":1925,"totalTestEncountersViral":null,"totalTestsPeopleViral":3842945,"totalTestsAntibody":580569,"positiveTestsAntibody":null,"negativeTestsAntibody":null,"totalTestsPeopleAntibody":444089,"positiveTestsPeopleAntibody":null,"negativeTestsPeopleAntibody":null,"totalTestsPeopleAntigen":null,"positiveTestsPeopleAntigen":null,"totalTestsAntigen":null,"positiveTestsAntigen":null,"fips":"04","positiveIncrease":1335,"negativeIncrease":13678,"total":3899464,"totalTestResultsIncrease":45110,"posNeg":3899464,"dataQualityGrade":null,"deathIncrease":5,"hospitalizedIncrease":44,"hash":"0437a7a96f4471666f775e63e86923eb5cbd8cdf","commercialScore":0,"negativeRegularScore":0,"negativeScore":0,"positiveScore":0,"score":0,"grade":""},{"date":20210307,"state":"CA","positive":3501394,"probableCases":null,"negative":null,"pending":null,"totalTestResultsSource":"totalTestsViral","totalTestResults":49646014,"hospitalizedCurrently":4291,"hospitalizedCumulative":null,"inIcuCurrently":1159,"inIcuCumulative":null,"onVentilatorCurrently":null,"onVentilatorCumulative":null,"recovered":null,"lastUpdateEt":"3/7/2021 02:59","dateModified":"2021-03-07T02:59:00Z","checkTimeEt":"03/06 21:59","death":54124,"hospitalized":null,"hospitalizedDischarged":null,"dateChecked":"2021-03-07T02:59:00Z","totalTestsViral":49646014,"positiveTestsViral":null,"negativeTestsViral":null,"positiveCasesViral":3501394,"deathConfirmed":null,"deathProbable":null,"totalTestEncountersViral":null,"totalTestsPeopleViral":null,"totalTestsAntibody":null,"positiveTestsAntibody":null,"negativeTestsAntibody":null,"totalTestsPeopleAntibody":null,"positiveTestsPeopleAntibody":null,"negativeTestsPeopleAntibody":null,"totalTestsPeopleAntigen":null,"positiveTestsPeopleAntigen":null,"totalTestsAntigen":null,"positiveTestsAntigen":null,"fips":"06","positiveIncrease":3816,"negativeIncrease":0,"total":3501394,"totalTestResultsIncrease":133186,"posNeg":3501394,"dataQualityGrade":null,"deathIncrease":258,"hospitalizedIncrease":0,"hash":"63c5c0fd2daef2fb65150e9db486de98ed3f7b72","commercialScore":0,"negativeRegularScore":0,"negativeScore":0,"positiveScore":0,"score":0,"grade":""},{"date":20210307,"state":"CO","positive":436602,"probableCases":24786,"negative":2199458,"pending":null,"totalTestResultsSource":"totalTestEncountersViral","totalTestResults":6415123,"hospitalizedCurrently":326,"hospitalizedCumulative":23904,"inIcuCurrently":null,"inIcuCumulative":null,"onVentilatorCurrently":null,"onVentilatorCumulative":null,"recovered":null,"lastUpdateEt":"3/7/2021 01:59","dateModified":"2021-03-07T01:59:00Z","checkTimeEt":"03/06 20:59","death":5989,"hospitalized":23904,"hospitalizedDischarged":23003,"dateChecked":"2021-03-07T01:59:00Z","totalTestsViral":null,"positiveTestsViral":null,"negativeTestsViral":null,"positiveCasesViral":410976,"deathConfirmed":5251,"deathProbable":735,"totalTestEncountersViral":6415123,"totalTestsPeopleViral":2616541,"totalTestsAntibody":435053,"positiveTestsAntibody":63087,"negativeTestsAntibody":369995,"totalTestsPeopleAntibody":null,"positiveTestsPeopleAntibody":null,"negativeTestsPeopleAntibody":null,"totalTestsPeopleAntigen":null,"positiveTestsPeopleAntigen":null,"totalTestsAntigen":null,"positiveTestsAntigen":null,"fips":"08","positiveIncrease":840,"negativeIncrease":0,"total":2636060,"totalTestResultsIncrease":38163,"posNeg":2636060,"dataQualityGrade":null,"deathIncrease":3,"hospitalizedIncrease":18,"hash":"444746cda3a596f183f3fa3269c8cab68704e819","commercialScore":0,"negativeRegularScore":0,"negativeScore":0,"positiveScore":0,"score":0,"grade":""},{"date":20210307,"state":"CT","positive":285330,"probableCases":19621,"negative":null,"pending":null,"totalTestResultsSource":"totalTestsViral","totalTestResults":6520366,"hospitalizedCurrently":428,"hospitalizedCumulative":12257,"inIcuCurrently":null,"inIcuCumulative":null,"onVentilatorCurrently":null,"onVentilatorCumulative":null,"recovered":null,"lastUpdateEt":"3/4/2021 23:59","dateModified":"2021-03-04T23:59:00Z","checkTimeEt":"03/04 18:59","death":7704,"hospitalized":12257,"hospitalizedDischarged":null,"dateChecked":"2021-03-04T23:59:00Z","totalTestsViral":6520366,"positiveTestsViral":323284,"negativeTestsViral":6188566,"positiveCasesViral":265709,"deathConfirmed":6327,"deathProbable":1377,"totalTestEncountersViral":null,"totalTestsPeopleViral":null,"totalTestsAntibody":null,"positiveTestsAntibody":null,"negativeTestsAntibody":null,"totalTestsPeopleAntibody":null,"positiveTestsPeopleAntibody":null,"negativeTestsPeopleAntibody":null,"totalTestsPeopleAntigen":null,"positiveTestsPeopleAntigen":null,"totalTestsAntigen":396680,"positiveTestsAntigen":22245,"fips":"09","positiveIncrease":0,"negativeIncrease":0,"total":285330,"totalTestResultsIncrease":0,"posNeg":285330,"dataQualityGrade":null,"deathIncrease":0,"hospitalizedIncrease":0,"hash":"bcc0f7bc8c2bf77eec31b25f8b59d510f679d3e7","commercialScore":0,"negativeRegularScore":0,"negativeScore":0,"positiveScore":0,"score":0,"grade":""},{"date":20210307,"state":"DC","positive":41419,"probableCases":null,"negative":null,"pending":null,"totalTestResultsSource":"totalTestEncountersViral","totalTestResults":1261363,"hospitalizedCurrently":150,"hospitalizedCumulative":null,"inIcuCurrently":38,"inIcuCumulative":null,"onVentilatorCurrently":16,"onVentilatorCumulative":null,"recovered":29570,"lastUpdateEt":"3/6/2021 00:00","dateModified":"2021-03-06T00:00:00Z","checkTimeEt":"03/05 19:00","death":1030,"hospitalized":null,"hospitalizedDischarged":null,"dateChecked":"2021-03-06T00:00:00Z","totalTestsViral":null,"positiveTestsViral":null,"negativeTestsViral":null,"positiveCasesViral":null,"deathConfirmed":null,"deathProbable":null,"totalTestEncountersViral":1261363,"totalTestsPeopleViral":441942,"totalTestsAntibody":null,"positiveTestsAntibody":null,"negativeTestsAntibody":null,"totalTestsPeopleAntibody":null,"positiveTestsPeopleAntibody":null,"negativeTestsPeopleAntibody":null,"totalTestsPeopleAntigen":null,"positiveTestsPeopleAntigen":null,"totalTestsAntigen":null,"positiveTestsAntigen":null,"fips":"11","positiveIncrease":146,"negativeIncrease":0,"total":41419,"totalTestResultsIncrease":5726,"posNeg":41419,"dataQualityGrade":null,"deathIncrease":0,"hospitalizedIncrease":0,"hash":"a3aa0d623d538807fb9577ad64354f48cf728cc8","commercialScore":0,"negativeRegularScore":0,"negativeScore":0,"positiveScore":0,"score":0,"grade":""},{"date":20210307,"state":"DE","positive":88354,"probableCases":4733,"negative":545070,"pending":null,"totalTestResultsSource":"totalTestEncountersViral","totalTestResults":1431942,"hospitalizedCurrently":104,"hospitalizedCumulative":null,"inIcuCurrently":13,"inIcuCumulative":null,"onVentilatorCurrently":null,"onVentilatorCumulative":null,"recovered":null,"lastUpdateEt":"3/6/2021 18:00","dateModified":"2021-03-06T18:00:00Z","checkTimeEt":"03/06 13:00","death":1473,"hospitalized":null,"hospitalizedDischarged":null,"dateChecked":"2021-03-06T18:00:00Z","totalTestsViral":null,"positiveTestsViral":91873,"negativeTestsViral":null,"positiveCasesViral":83621,"deathConfirmed":1337,"deathProbable":136,"totalTestEncountersViral":1431942,"totalTestsPeopleViral":633424,"totalTestsAntibody":null,"positiveTestsAntibody":null,"negativeTestsAntibody":null,"totalTestsPeopleAntibody":null,"positiveTestsPeopleAntibody":null,"negativeTestsPeopleAntibody":null,"totalTestsPeopleAntigen":null,"positiveTestsPeopleAntigen":null,"totalTestsAntigen":null,"positiveTestsAntigen":null,"fips":"10","positiveIncrease":215,"negativeIncrease":917,"total":633424,"totalTestResultsIncrease":5867,"posNeg":633424,"dataQualityGrade":null,"deathIncrease":9,"hospitalizedIncrease":0,"hash":"059d870e689d5cc19c35f5eb398214d7d9856373","commercialScore":0,"negativeRegularScore":0,"negativeScore":0,"positiveScore":0,"score":0,"grade":""},{"date":20210307,"state":"FL","positive":1909209,"probableCases":360372,"negative":9339038,"pending":8544,"totalTestResultsSource":"totalTestEncountersViral","totalTestResults":22339182,"hospitalizedCurrently":3307,"hospitalizedCumulative":82237,"inIcuCurrently":null,"inIcuCumulative":null,"onVentilatorCurrently":null,"onVentilatorCumulative":null,"recovered":null,"lastUpdateEt":"3/6/2021 23:59","dateModified":"2021-03-06T23:59:00Z","checkTimeEt":"03/06 18:59","death":32266,"hospitalized":82237,"hospitalizedDischarged":null,"dateChecked":"2021-03-06T23:59:00Z","totalTestsViral":19482607,"positiveTestsViral":2502506,"negativeTestsViral":16887410,"positiveCasesViral":1548837,"deathConfirmed":null,"deathProbable":null,"totalTestEncountersViral":22339182,"totalTestsPeopleViral":11248247,"totalTestsAntibody":1054711,"positiveTestsAntibody":190026,"negativeTestsAntibody":864153,"totalTestsPeopleAntibody":995580,"positiveTestsPeopleAntibody":178979,"negativeTestsPeopleAntibody":816231,"totalTestsPeopleAntigen":null,"positiveTestsPeopleAntigen":null,"totalTestsAntigen":null,"positiveTestsAntigen":null,"fips":"12","positiveIncrease":4024,"negativeIncrease":19166,"total":11256791,"totalTestResultsIncrease":64599,"posNeg":11248247,"dataQualityGrade":null,"deathIncrease":66,"hospitalizedIncrease":92,"hash":"e69aca367d15584f4db13bd791804be1b017efc7","commercialScore":0,"negativeRegularScore":0,"negativeScore":0,"positiveScore":0,"score":0,"grade":""},{"date":20210307,"state":"GA","positive":1023487,"probableCases":195151,"negative":null,"pending":null,"totalTestResultsSource":"totalTestsViral","totalTestResults":7359069,"hospitalizedCurrently":2008,"hospitalizedCumulative":56797,"inIcuCurrently":null,"inIcuCumulative":9263,"onVentilatorCurrently":null,"onVentilatorCumulative":null,"recovered":null,"lastUpdateEt":"3/7/2021 14:50","dateModified":"2021-03-07T14:50:00Z","checkTimeEt":"03/07 09:50","death":17906,"hospitalized":56797,"hospitalizedDischarged":null,"dateChecked":"2021-03-07T14:50:00Z","totalTestsViral":7359069,"positiveTestsViral":803515,"negativeTestsViral":null,"positiveCasesViral":828336,"deathConfirmed":15598,"deathProbable":2308,"totalTestEncountersViral":null,"totalTestsPeopleViral":null,"totalTestsAntibody":482568,"positiveTestsAntibody":78312,"negativeTestsAntibody":null,"totalTestsPeopleAntibody":null,"positiveTestsPeopleAntibody":null,"negativeTestsPeopleAntibody":null,"totalTestsPeopleAntigen":null,"positiveTestsPeopleAntigen":null,"totalTestsAntigen":1484921,"positiveTestsAntigen":168867,"fips":"13","positiveIncrease":1709,"negativeIncrease":0,"total":1023487,"totalTestResultsIncrease":18827,"posNeg":1023487,"dataQualityGrade":null,"deathIncrease":1,"hospitalizedIncrease":35,"hash":"d64d091b3e0b4c47cb7a80c60b7fc6dd1d15d6dd","commercialScore":0,"negativeRegularScore":0,"negativeScore":0,"positiveScore":0,"score":0,"grade":""},{"date":20210307,"state":"GU","positive":7749,"probableCases":209,"negative":112887,"pending":null,"totalTestResultsSource":"posNeg","totalTestResults":120636,"hospitalizedCurrently":2,"hospitalizedCumulative":null,"inIcuCurrently":1,"inIcuCumulative":null,"onVentilatorCurrently":1,"onVentilatorCumulative":null,"recovered":7590,"lastUpdateEt":"3/7/2021 01:45","dateModified":"2021-03-07T01:45:00Z","checkTimeEt":"03/06 20:45","death":133,"hospitalized":null,"hospitalizedDischarged":null,"dateChecked":"2021-03-07T01:45:00Z","totalTestsViral":120426,"positiveTestsViral":null,"negativeTestsViral":null,"positiveCasesViral":7540,"deathConfirmed":null,"deathProbable":null,"totalTestEncountersViral":null,"totalTestsPeopleViral":null,"totalTestsAntibody":358,"positiveTestsAntibody":27,"negativeTestsAntibody":null,"totalTestsPeopleAntibody":null,"positiveTestsPeopleAntibody":null,"negativeTestsPeopleAntibody":null,"totalTestsPeopleAntigen":null,"positiveTestsPeopleAntigen":null,"totalTestsAntigen":9299,"positiveTestsAntigen":248,"fips":"66","positiveIncrease":0,"negativeIncrease":0,"total":120636,"totalTestResultsIncrease":0,"posNeg":120636,"dataQualityGrade":null,"deathIncrease":0,"hospitalizedIncrease":0,"hash":"b6fe9a2c36aa6e5b1f0b14dd057d23c6968b10a4","commercialScore":0,"negativeRegularScore":0,"negativeScore":0,"positiveScore":0,"score":0,"grade":""},{"date":20210307,"state":"HI","positive":28699,"probableCases":808,"negative":null,"pending":null,"totalTestResultsSource":"totalTestEncountersViral","totalTestResults":1146796,"hospitalizedCurrently":27,"hospitalizedCumulative":2226,"inIcuCurrently":5,"inIcuCumulative":null,"onVentilatorCurrently":3,"onVentilatorCumulative":null,"recovered":null,"lastUpdateEt":"3/5/2021 14:30","dateModified":"2021-03-05T14:30:00Z","checkTimeEt":"03/05 09:30","death":445,"hospitalized":2226,"hospitalizedDischarged":null,"dateChecked":"2021-03-05T14:30:00Z","totalTestsViral":null,"positiveTestsViral":27774,"negativeTestsViral":null,"positiveCasesViral":27891,"deathConfirmed":445,"deathProbable":null,"totalTestEncountersViral":1146796,"totalTestsPeopleViral":null,"totalTestsAntibody":null,"positiveTestsAntibody":null,"negativeTestsAntibody":null,"totalTestsPeopleAntibody":null,"positiveTestsPeopleAntibody":null,"negativeTestsPeopleAntibody":null,"totalTestsPeopleAntigen":null,"positiveTestsPeopleAntigen":null,"totalTestsAntigen":null,"positiveTestsAntigen":null,"fips":"15","positiveIncrease":53,"negativeIncrease":0,"total":28699,"totalTestResultsIncrease":5117,"posNeg":28699,"dataQualityGrade":null,"deathIncrease":1,"hospitalizedIncrease":0,"hash":"4f2c09f953483ffc35e24ac50e0c6c1f10077002","commercialScore":0,"negativeRegularScore":0,"negativeScore":0,"positiveScore":0,"score":0,"grade":""},{"date":20210307,"state":"IA","positive":282384,"probableCases":null,"negative":1044418,"pending":null,"totalTestResultsSource":"posNeg","totalTestResults":1326802,"hospitalizedCurrently":167,"hospitalizedCumulative":null,"inIcuCurrently":35,"inIcuCumulative":null,"onVentilatorCurrently":6,"onVentilatorCumulative":null,"recovered":320054,"lastUpdateEt":"3/7/2021 00:00","dateModified":"2021-03-07T00:00:00Z","checkTimeEt":"03/06 19:00","death":5558,"hospitalized":null,"hospitalizedDischarged":null,"dateChecked":"2021-03-07T00:00:00Z","totalTestsViral":2753899,"positiveTestsViral":306343,"negativeTestsViral":2432425,"positiveCasesViral":282384,"deathConfirmed":null,"deathProbable":null,"totalTestEncountersViral":null,"totalTestsPeopleViral":1329195,"totalTestsAntibody":null,"positiveTestsAntibody":null,"negativeTestsAntibody":null,"totalTestsPeopleAntibody":113739,"positiveTestsPeopleAntibody":19704,"negativeTestsPeopleAntibody":93984,"totalTestsPeopleAntigen":247999,"positiveTestsPeopleAntigen":57190,"totalTestsAntigen":1390094,"positiveTestsAntigen":60700,"fips":"19","positiveIncrease":257,"negativeIncrease":1299,"total":1326802,"totalTestResultsIncrease":1556,"posNeg":1326802,"dataQualityGrade":null,"deathIncrease":6,"hospitalizedIncrease":0,"hash":"33548da1aa99383ebd1ef74769d8bb1eba36b959","commercialScore":0,"negativeRegularScore":0,"negativeScore":0,"positiveScore":0,"score":0,"grade":""},{"date":20210307,"state":"ID","positive":172931,"probableCases":33057,"negative":505964,"pending":null,"totalTestResultsSource":"totalTestsPeopleViral","totalTestResults":645838,"hospitalizedCurrently":150,"hospitalizedCumulative":7184,"inIcuCurrently":33,"inIcuCumulative":1245,"onVentilatorCurrently":null,"onVentilatorCumulative":null,"recovered":96017,"lastUpdateEt":"3/6/2021 19:00","dateModified":"2021-03-06T19:00:00Z","checkTimeEt":"03/06 14:00","death":1879,"hospitalized":7184,"hospitalizedDischarged":null,"dateChecked":"2021-03-06T19:00:00Z","totalTestsViral":1103725,"positiveTestsViral":null,"negativeTestsViral":null,"positiveCasesViral":139874,"deathConfirmed":1652,"deathProbable":227,"totalTestEncountersViral":null,"totalTestsPeopleViral":645838,"totalTestsAntibody":null,"positiveTestsAntibody":null,"negativeTestsAntibody":null,"totalTestsPeopleAntibody":null,"positiveTestsPeopleAntibody":null,"negativeTestsPeopleAntibody":null,"totalTestsPeopleAntigen":null,"positiveTestsPeopleAntigen":null,"totalTestsAntigen":123809,"positiveTestsAntigen":null,"fips":"16","positiveIncrease":104,"negativeIncrease":535,"total":678895,"totalTestResultsIncrease":396,"posNeg":678895,"dataQualityGrade":null,"deathIncrease":3,"hospitalizedIncrease":5,"hash":"78595a6705d321c83cba079dbee71b6db1897502","commercialScore":0,"negativeRegularScore":0,"negativeScore":0,"positiveScore":0,"score":0,"grade":""},{"date":20210307,"state":"IL","positive":1198335,"probableCases":null,"negative":null,"pending":null,"totalTestResultsSource":"totalTestsViral","totalTestResults":18640190,"hospitalizedCurrently":1141,"hospitalizedCumulative":null,"inIcuCurrently":255,"inIcuCumulative":null,"onVentilatorCurrently":112,"onVentilatorCumulative":null,"recovered":null,"lastUpdateEt":"3/7/2021 00:00","dateModified":"2021-03-07T00:00:00Z","checkTimeEt":"03/06 19:00","death":23014,"hospitalized":null,"hospitalizedDischarged":null,"dateChecked":"2021-03-07T00:00:00Z","totalTestsViral":18640190,"positiveTestsViral":null,"negativeTestsViral":null,"positiveCasesViral":null,"deathConfirmed":20763,"deathProbable":2251,"totalTestEncountersViral":null,"totalTestsPeopleViral":null,"totalTestsAntibody":null,"positiveTestsAntibody":null,"negativeTestsAntibody":null,"totalTestsPeopleAntibody":null,"positiveTestsPeopleAntibody":null,"negativeTestsPeopleAntibody":null,"totalTestsPeopleAntigen":null,"positiveTestsPeopleAntigen":null,"totalTestsAntigen":null,"positiveTestsAntigen":null,"fips":"17","positiveIncrease":1068,"negativeIncrease":0,"total":1198335,"totalTestResultsIncrease":68094,"posNeg":1198335,"dataQualityGrade":null,"deathIncrease":12,"hospitalizedIncrease":0,"hash":"b7f807d015574eb38516d454d35cc6c09effb16b","commercialScore":0,"negativeRegularScore":0,"negativeScore":0,"positiveScore":0,"score":0,"grade":""},{"date":20210307,"state":"IN","positive":667262,"probableCases":null,"negative":2483156,"pending":null,"totalTestResultsSource":"totalTestsViral","totalTestResults":8242367,"hospitalizedCurrently":656,"hospitalizedCumulative":43217,"inIcuCurrently":104,"inIcuCumulative":7600,"onVentilatorCurrently":50,"onVentilatorCumulative":null,"recovered":null,"lastUpdateEt":"3/6/2021 23:59","dateModified":"2021-03-06T23:59:00Z","checkTimeEt":"03/06 18:59","death":12737,"hospitalized":43217,"hospitalizedDischarged":434805,"dateChecked":"2021-03-06T23:59:00Z","totalTestsViral":8242367,"positiveTestsViral":760491,"negativeTestsViral":null,"positiveCasesViral":null,"deathConfirmed":12310,"deathProbable":427,"totalTestEncountersViral":null,"totalTestsPeopleViral":3150418,"totalTestsAntibody":null,"positiveTestsAntibody":null,"negativeTestsAntibody":null,"totalTestsPeopleAntibody":null,"positiveTestsPeopleAntibody":null,"negativeTestsPeopleAntibody":null,"totalTestsPeopleAntigen":null,"positiveTestsPeopleAntigen":null,"totalTestsAntigen":null,"positiveTestsAntigen":null,"fips":"18","positiveIncrease":746,"negativeIncrease":4643,"total":3150418,"totalTestResultsIncrease":29427,"posNeg":3150418,"dataQualityGrade":null,"deathIncrease":11,"hospitalizedIncrease":64,"hash":"dcdfec9f776fcb6e79033397905f447c5fc756bc","commercialScore":0,"negativeRegularScore":0,"negativeScore":0,"positiveScore":0,"score":0,"grade":""},{"date":20210307,"state":"KS","positive":295861,"probableCases":null,"negative":974686,"pending":null,"totalTestResultsSource":"posNeg","totalTestResults":1270547,"hospitalizedCurrently":235,"hospitalizedCumulative":9387,"inIcuCurrently":50,"inIcuCumulative":2554,"onVentilatorCurrently":22,"onVentilatorCumulative":411,"recovered":null,"lastUpdateEt":"3/5/2021 10:00","dateModified":"2021-03-05T10:00:00Z","checkTimeEt":"03/05 05:00","death":4812,"hospitalized":9387,"hospitalizedDischarged":6473,"dateChecked":"2021-03-05T10:00:00Z","totalTestsViral":2525259,"positiveTestsViral":null,"negativeTestsViral":null,"positiveCasesViral":null,"deathConfirmed":null,"deathProbable":null,"totalTestEncountersViral":null,"totalTestsPeopleViral":1270547,"totalTestsAntibody":null,"positiveTestsAntibody":null,"negativeTestsAntibody":null,"totalTestsPeopleAntibody":null,"positiveTestsPeopleAntibody":null,"negativeTestsPeopleAntibody":null,"totalTestsPeopleAntigen":null,"positiveTestsPeopleAntigen":null,"totalTestsAntigen":602322,"positiveTestsAntigen":null,"fips":"20","positiveIncrease":0,"negativeIncrease":0,"total":1270547,"totalTestResultsIncrease":0,"posNeg":1270547,"dataQualityGrade":null,"deathIncrease":0,"hospitalizedIncrease":0,"hash":"71bcb3a00a03aa1b0c50376fdc9f22e1e9b5156b","commercialScore":0,"negativeRegularScore":0,"negativeScore":0,"positiveScore":0,"score":0,"grade":""},{"date":20210307,"state":"KY","positive":410709,"probableCases":96324,"negative":null,"pending":null,"totalTestResultsSource":"totalTestsViral","totalTestResults":3975672,"hospitalizedCurrently":558,"hospitalizedCumulative":19457,"inIcuCurrently":156,"inIcuCumulative":4034,"onVentilatorCurrently":82,"onVentilatorCumulative":null,"recovered":48145,"lastUpdateEt":"3/7/2021 00:00","dateModified":"2021-03-07T00:00:00Z","checkTimeEt":"03/06 19:00","death":4819,"hospitalized":19457,"hospitalizedDischarged":null,"dateChecked":"2021-03-07T00:00:00Z","totalTestsViral":3975672,"positiveTestsViral":251921,"negativeTestsViral":null,"positiveCasesViral":314385,"deathConfirmed":4369,"deathProbable":450,"totalTestEncountersViral":null,"totalTestsPeopleViral":null,"totalTestsAntibody":111886,"positiveTestsAntibody":9929,"negativeTestsAntibody":null,"totalTestsPeopleAntibody":null,"positiveTestsPeopleAntibody":null,"negativeTestsPeopleAntibody":null,"totalTestsPeopleAntigen":null,"positiveTestsPeopleAntigen":null,"totalTestsAntigen":509047,"positiveTestsAntigen":37655,"fips":"21","positiveIncrease":525,"negativeIncrease":0,"total":410709,"totalTestResultsIncrease":0,"posNeg":410709,"dataQualityGrade":null,"deathIncrease":13,"hospitalizedIncrease":6,"hash":"e75efcdb394b4f605892102108def98f76e402d4","commercialScore":0,"negativeRegularScore":0,"negativeScore":0,"positiveScore":0,"score":0,"grade":""},{"date":20210307,"state":"LA","positive":433785,"probableCases":61271,"negative":5261679,"pending":null,"totalTestResultsSource":"posNeg","totalTestResults":5695464,"hospitalizedCurrently":532,"hospitalizedCumulative":null,"inIcuCurrently":null,"inIcuCumulative":null,"onVentilatorCurrently":75,"onVentilatorCumulative":null,"recovered":415954,"lastUpdateEt":"3/7/2021 13:00","dateModified":"2021-03-07T13:00:00Z","checkTimeEt":"03/07 08:00","death":9748,"hospitalized":null,"hospitalizedDischarged":null,"dateChecked":"2021-03-07T13:00:00Z","totalTestsViral":5634193,"positiveTestsViral":null,"negativeTestsViral":null,"positiveCasesViral":372514,"deathConfirmed":9033,"deathProbable":715,"totalTestEncountersViral":null,"totalTestsPeopleViral":null,"totalTestsAntibody":null,"positiveTestsAntibody":null,"negativeTestsAntibody":null,"totalTestsPeopleAntibody":null,"positiveTestsPeopleAntibody":null,"negativeTestsPeopleAntibody":null,"totalTestsPeopleAntigen":null,"positiveTestsPeopleAntigen":null,"totalTestsAntigen":469967,"positiveTestsAntigen":null,"fips":"22","positiveIncrease":740,"negativeIncrease":20578,"total":5695464,"totalTestResultsIncrease":21318,"posNeg":5695464,"dataQualityGrade":null,"deathIncrease":32,"hospitalizedIncrease":0,"hash":"7fd45e084947a390edc7e73d1d9039015369dc7f","commercialScore":0,"negativeRegularScore":0,"negativeScore":0,"positiveScore":0,"score":0,"grade":""},{"date":20210307,"state":"MA","positive":591356,"probableCases":32273,"negative":4404792,"pending":null,"totalTestResultsSource":"totalTestsViral","totalTestResults":16825551,"hospitalizedCurrently":665,"hospitalizedCumulative":19713,"inIcuCurrently":174,"inIcuCumulative":null,"onVentilatorCurrently":116,"onVentilatorCumulative":null,"recovered":508745,"lastUpdateEt":"3/6/2021 23:59","dateModified":"2021-03-06T23:59:00Z","checkTimeEt":"03/06 18:59","death":16417,"hospitalized":19713,"hospitalizedDischarged":null,"dateChecked":"2021-03-06T23:59:00Z","totalTestsViral":16825551,"positiveTestsViral":668145,"negativeTestsViral":null,"positiveCasesViral":559083,"deathConfirmed":16085,"deathProbable":332,"totalTestEncountersViral":null,"totalTestsPeopleViral":4963875,"totalTestsAntibody":null,"positiveTestsAntibody":null,"negativeTestsAntibody":null,"totalTestsPeopleAntibody":156185,"positiveTestsPeopleAntibody":15425,"negativeTestsPeopleAntibody":null,"totalTestsPeopleAntigen":580372,"positiveTestsPeopleAntigen":null,"totalTestsAntigen":null,"positiveTestsAntigen":null,"fips":"25","positiveIncrease":1425,"negativeIncrease":8028,"total":4996148,"totalTestResultsIncrease":96578,"posNeg":4996148,"dataQualityGrade":null,"deathIncrease":43,"hospitalizedIncrease":0,"hash":"acd1b6abdcc5a944bacbaa1f8fe621fc84c7e08e","commercialScore":0,"negativeRegularScore":0,"negativeScore":0,"positiveScore":0,"score":0,"grade":""},{"date":20210307,"state":"MD","positive":387319,"probableCases":null,"negative":3034546,"pending":null,"totalTestResultsSource":"totalTestsViral","totalTestResults":8097590,"hospitalizedCurrently":818,"hospitalizedCumulative":35651,"inIcuCurrently":215,"inIcuCumulative":null,"onVentilatorCurrently":null,"onVentilatorCumulative":null,"recovered":9703,"lastUpdateEt":"3/7/2021 10:00","dateModified":"2021-03-07T10:00:00Z","checkTimeEt":"03/07 05:00","death":7955,"hospitalized":35651,"hospitalizedDischarged":null,"dateChecked":"2021-03-07T10:00:00Z","totalTestsViral":8097590,"positiveTestsViral":472716,"negativeTestsViral":null,"positiveCasesViral":387319,"deathConfirmed":7773,"deathProbable":182,"totalTestEncountersViral":null,"totalTestsPeopleViral":3421865,"totalTestsAntibody":null,"positiveTestsAntibody":null,"negativeTestsAntibody":null,"totalTestsPeopleAntibody":198139,"positiveTestsPeopleAntibody":28360,"negativeTestsPeopleAntibody":169779,"totalTestsPeopleAntigen":null,"positiveTestsPeopleAntigen":null,"totalTestsAntigen":null,"positiveTestsAntigen":null,"fips":"24","positiveIncrease":709,"negativeIncrease":2050,"total":3421865,"totalTestResultsIncrease":33128,"posNeg":3421865,"dataQualityGrade":null,"deathIncrease":14,"hospitalizedIncrease":79,"hash":"f0e2e509e56cd4e825ca3673d540a4c6329c9a0c","commercialScore":0,"negativeRegularScore":0,"negativeScore":0,"positiveScore":0,"score":0,"grade":""},{"date":20210307,"state":"ME","positive":45794,"probableCases":9948,"negative":null,"pending":null,"totalTestResultsSource":"totalTestsViral","totalTestResults":1660180,"hospitalizedCurrently":67,"hospitalizedCumulative":1570,"inIcuCurrently":16,"inIcuCumulative":null,"onVentilatorCurrently":8,"onVentilatorCumulative":null,"recovered":12840,"lastUpdateEt":"3/6/2021 23:59","dateModified":"2021-03-06T23:59:00Z","checkTimeEt":"03/06 18:59","death":706,"hospitalized":1570,"hospitalizedDischarged":null,"dateChecked":"2021-03-06T23:59:00Z","totalTestsViral":1660180,"positiveTestsViral":41510,"negativeTestsViral":null,"positiveCasesViral":35846,"deathConfirmed":683,"deathProbable":23,"totalTestEncountersViral":null,"totalTestsPeopleViral":null,"totalTestsAntibody":15113,"positiveTestsAntibody":869,"negativeTestsAntibody":14232,"totalTestsPeopleAntibody":null,"positiveTestsPeopleAntibody":null,"negativeTestsPeopleAntibody":null,"totalTestsPeopleAntigen":null,"positiveTestsPeopleAntigen":null,"totalTestsAntigen":213426,"positiveTestsAntigen":10749,"fips":"23","positiveIncrease":159,"negativeIncrease":0,"total":45794,"totalTestResultsIncrease":7490,"posNeg":45794,"dataQualityGrade":null,"deathIncrease":2,"hospitalizedIncrease":4,"hash":"2375b3e026543e57fb7a7a75172d0a909b1483a3","commercialScore":0,"negativeRegularScore":0,"negativeScore":0,"positiveScore":0,"score":0,"grade":""},{"date":20210307,"state":"MI","positive":656072,"probableCases":60018,"negative":null,"pending":null,"totalTestResultsSource":"totalTestsViral","totalTestResults":10621967,"hospitalizedCurrently":866,"hospitalizedCumulative":null,"inIcuCurrently":222,"inIcuCumulative":null,"onVentilatorCurrently":97,"onVentilatorCumulative":null,"recovered":549881,"lastUpdateEt":"3/6/2021 00:00","dateModified":"2021-03-06T00:00:00Z","checkTimeEt":"03/05 19:00","death":16658,"hospitalized":null,"hospitalizedDischarged":null,"dateChecked":"2021-03-06T00:00:00Z","totalTestsViral":10621967,"positiveTestsViral":752365,"negativeTestsViral":9869602,"positiveCasesViral":596054,"deathConfirmed":15666,"deathProbable":992,"totalTestEncountersViral":null,"totalTestsPeopleViral":null,"totalTestsAntibody":537073,"positiveTestsAntibody":null,"negativeTestsAntibody":null,"totalTestsPeopleAntibody":null,"positiveTestsPeopleAntibody":null,"negativeTestsPeopleAntibody":null,"totalTestsPeopleAntigen":null,"positiveTestsPeopleAntigen":null,"totalTestsAntigen":null,"positiveTestsAntigen":null,"fips":"26","positiveIncrease":0,"negativeIncrease":0,"total":656072,"totalTestResultsIncrease":0,"posNeg":656072,"dataQualityGrade":null,"deathIncrease":0,"hospitalizedIncrease":0,"hash":"0319b95a7e00d41ec841fc29e39b238055dc542d","commercialScore":0,"negativeRegularScore":0,"negativeScore":0,"positiveScore":0,"score":0,"grade":""},{"date":20210307,"state":"MN","positive":490011,"probableCases":24464,"negative":3058514,"pending":null,"totalTestResultsSource":"totalTestEncountersViral","totalTestResults":7111428,"hospitalizedCurrently":224,"hospitalizedCumulative":25978,"inIcuCurrently":57,"inIcuCumulative":5364,"onVentilatorCurrently":null,"onVentilatorCumulative":null,"recovered":476055,"lastUpdateEt":"3/6/2021 17:00","dateModified":"2021-03-06T17:00:00Z","checkTimeEt":"03/06 12:00","death":6550,"hospitalized":25978,"hospitalizedDischarged":null,"dateChecked":"2021-03-06T17:00:00Z","totalTestsViral":null,"positiveTestsViral":null,"negativeTestsViral":null,"positiveCasesViral":465547,"deathConfirmed":6276,"deathProbable":274,"totalTestEncountersViral":7111428,"totalTestsPeopleViral":3524061,"totalTestsAntibody":null,"positiveTestsAntibody":null,"negativeTestsAntibody":null,"totalTestsPeopleAntibody":null,"positiveTestsPeopleAntibody":null,"negativeTestsPeopleAntibody":null,"totalTestsPeopleAntigen":null,"positiveTestsPeopleAntigen":null,"totalTestsAntigen":451963,"positiveTestsAntigen":null,"fips":"27","positiveIncrease":895,"negativeIncrease":8218,"total":3548525,"totalTestResultsIncrease":25369,"posNeg":3548525,"dataQualityGrade":null,"deathIncrease":4,"hospitalizedIncrease":2,"hash":"28cbe3a55cc006f13f3a5397cc795403cf55d246","commercialScore":0,"negativeRegularScore":0,"negativeScore":0,"positiveScore":0,"score":0,"grade":""},{"date":20210307,"state":"MO","positive":480643,"probableCases":null,"negative":1878583,"pending":null,"totalTestResultsSource":"totalTestsViral","totalTestResults":4565866,"hospitalizedCurrently":955,"hospitalizedCumulative":null,"inIcuCurrently":197,"inIcuCumulative":null,"onVentilatorCurrently":135,"onVentilatorCumulative":null,"recovered":null,"lastUpdateEt":"3/7/2021 00:59","dateModified":"2021-03-07T00:59:00Z","checkTimeEt":"03/06 19:59","death":8161,"hospitalized":null,"hospitalizedDischarged":null,"dateChecked":"2021-03-07T00:59:00Z","totalTestsViral":4565866,"positiveTestsViral":530741,"negativeTestsViral":4025535,"positiveCasesViral":480643,"deathConfirmed":null,"deathProbable":null,"totalTestEncountersViral":null,"totalTestsPeopleViral":2359226,"totalTestsAntibody":152126,"positiveTestsAntibody":24926,"negativeTestsAntibody":127001,"totalTestsPeopleAntibody":135759,"positiveTestsPeopleAntibody":null,"negativeTestsPeopleAntibody":null,"totalTestsPeopleAntigen":366813,"positiveTestsPeopleAntigen":null,"totalTestsAntigen":906752,"positiveTestsAntigen":83657,"fips":"29","positiveIncrease":291,"negativeIncrease":2950,"total":2359226,"totalTestResultsIncrease":10659,"posNeg":2359226,"dataQualityGrade":null,"deathIncrease":0,"hospitalizedIncrease":0,"hash":"69bb8a73e3a654573e0d38b349d6a92c7750b42d","commercialScore":0,"negativeRegularScore":0,"negativeScore":0,"positiveScore":0,"score":0,"grade":""},{"date":20210307,"state":"MP","positive":145,"probableCases":null,"negative":17429,"pending":null,"totalTestResultsSource":"posNeg","totalTestResults":17574,"hospitalizedCurrently":null,"hospitalizedCumulative":4,"inIcuCurrently":null,"inIcuCumulative":null,"onVentilatorCurrently":null,"onVentilatorCumulative":null,"recovered":29,"lastUpdateEt":"3/8/2021 00:00","dateModified":"2021-03-08T00:00:00Z","checkTimeEt":"03/07 19:00","death":2,"hospitalized":4,"hospitalizedDischarged":null,"dateChecked":"2021-03-08T00:00:00Z","totalTestsViral":26131,"positiveTestsViral":null,"negativeTestsViral":null,"positiveCasesViral":145,"deathConfirmed":2,"deathProbable":null,"totalTestEncountersViral":null,"totalTestsPeopleViral":17542,"totalTestsAntibody":null,"positiveTestsAntibody":null,"negativeTestsAntibody":null,"totalTestsPeopleAntibody":null,"positiveTestsPeopleAntibody":null,"negativeTestsPeopleAntibody":null,"totalTestsPeopleAntigen":null,"positiveTestsPeopleAntigen":null,"totalTestsAntigen":null,"positiveTestsAntigen":null,"fips":"69","positiveIncrease":1,"negativeIncrease":0,"total":17574,"totalTestResultsIncrease":1,"posNeg":17574,"dataQualityGrade":null,"deathIncrease":0,"hospitalizedIncrease":0,"hash":"604ee9ce4dee663fe99123a19a712d867f8a0406","commercialScore":0,"negativeRegularScore":0,"negativeScore":0,"positiveScore":0,"score":0,"grade":""},{"date":20210307,"state":"MS","positive":297581,"probableCases":113303,"negative":1459374,"pending":null,"totalTestResultsSource":"posNeg","totalTestResults":1756955,"hospitalizedCurrently":419,"hospitalizedCumulative":9162,"inIcuCurrently":89,"inIcuCumulative":null,"onVentilatorCurrently":47,"onVentilatorCumulative":null,"recovered":278162,"lastUpdateEt":"3/6/2021 00:00","dateModified":"2021-03-06T00:00:00Z","checkTimeEt":"03/05 19:00","death":6808,"hospitalized":9162,"hospitalizedDischarged":null,"dateChecked":"2021-03-06T00:00:00Z","totalTestsViral":1642348,"positiveTestsViral":null,"negativeTestsViral":null,"positiveCasesViral":184278,"deathConfirmed":4737,"deathProbable":2071,"totalTestEncountersViral":null,"totalTestsPeopleViral":null,"totalTestsAntibody":81986,"positiveTestsAntibody":null,"negativeTestsAntibody":null,"totalTestsPeopleAntibody":null,"positiveTestsPeopleAntibody":null,"negativeTestsPeopleAntibody":null,"totalTestsPeopleAntigen":null,"positiveTestsPeopleAntigen":null,"totalTestsAntigen":748339,"positiveTestsAntigen":null,"fips":"28","positiveIncrease":260,"negativeIncrease":0,"total":1756955,"totalTestResultsIncrease":260,"posNeg":1756955,"dataQualityGrade":null,"deathIncrease":3,"hospitalizedIncrease":0,"hash":"38d600ef762a2cde624501169ffae710e94913fe","commercialScore":0,"negativeRegularScore":0,"negativeScore":0,"positiveScore":0,"score":0,"grade":""},{"date":20210307,"state":"MT","positive":100914,"probableCases":5524,"negative":null,"pending":null,"totalTestResultsSource":"totalTestsViral","totalTestResults":1104488,"hospitalizedCurrently":63,"hospitalizedCumulative":4630,"inIcuCurrently":12,"inIcuCumulative":null,"onVentilatorCurrently":6,"onVentilatorCumulative":null,"recovered":97943,"lastUpdateEt":"3/7/2021 01:59","dateModified":"2021-03-07T01:59:00Z","checkTimeEt":"03/06 20:59","death":1381,"hospitalized":4630,"hospitalizedDischarged":null,"dateChecked":"2021-03-07T01:59:00Z","totalTestsViral":1104488,"positiveTestsViral":null,"negativeTestsViral":null,"positiveCasesViral":95390,"deathConfirmed":null,"deathProbable":null,"totalTestEncountersViral":null,"totalTestsPeopleViral":null,"totalTestsAntibody":null,"positiveTestsAntibody":null,"negativeTestsAntibody":null,"totalTestsPeopleAntibody":null,"positiveTestsPeopleAntibody":null,"negativeTestsPeopleAntibody":null,"totalTestsPeopleAntigen":null,"positiveTestsPeopleAntigen":null,"totalTestsAntigen":null,"positiveTestsAntigen":null,"fips":"30","positiveIncrease":72,"negativeIncrease":0,"total":100914,"totalTestResultsIncrease":3132,"posNeg":100914,"dataQualityGrade":null,"deathIncrease":0,"hospitalizedIncrease":1,"hash":"7643a815c17357244db67932096ff56f623be3aa","commercialScore":0,"negativeRegularScore":0,"negativeScore":0,"positiveScore":0,"score":0,"grade":""},{"date":20210307,"state":"NC","positive":872176,"probableCases":112559,"negative":null,"pending":null,"totalTestResultsSource":"totalTestsViral","totalTestResults":9688838,"hospitalizedCurrently":1179,"hospitalizedCumulative":null,"inIcuCurrently":309,"inIcuCumulative":null,"onVentilatorCurrently":null,"onVentilatorCumulative":null,"recovered":null,"lastUpdateEt":"3/6/2021 11:35","dateModified":"2021-03-06T11:35:00Z","checkTimeEt":"03/06 06:35","death":11502,"hospitalized":null,"hospitalizedDischarged":819839,"dateChecked":"2021-03-06T11:35:00Z","totalTestsViral":9688838,"positiveTestsViral":null,"negativeTestsViral":null,"positiveCasesViral":759617,"deathConfirmed":10169,"deathProbable":1333,"totalTestEncountersViral":null,"totalTestsPeopleViral":null,"totalTestsAntibody":null,"positiveTestsAntibody":null,"negativeTestsAntibody":null,"totalTestsPeopleAntibody":null,"positiveTestsPeopleAntibody":null,"negativeTestsPeopleAntibody":null,"totalTestsPeopleAntigen":null,"positiveTestsPeopleAntigen":null,"totalTestsAntigen":805924,"positiveTestsAntigen":null,"fips":"37","positiveIncrease":0,"negativeIncrease":0,"total":872176,"totalTestResultsIncrease":0,"posNeg":872176,"dataQualityGrade":null,"deathIncrease":0,"hospitalizedIncrease":0,"hash":"d9ca67dd72ba6f8a8506ebb734fd25b0b8067608","commercialScore":0,"negativeRegularScore":0,"negativeScore":0,"positiveScore":0,"score":0,"grade":""},{"date":20210307,"state":"ND","positive":100391,"probableCases":5463,"negative":305912,"pending":null,"totalTestResultsSource":"totalTestEncountersViral","totalTestResults":1425146,"hospitalizedCurrently":23,"hospitalizedCumulative":3880,"inIcuCurrently":3,"inIcuCumulative":567,"onVentilatorCurrently":null,"onVentilatorCumulative":null,"recovered":98326,"lastUpdateEt":"3/7/2021 01:59","dateModified":"2021-03-07T01:59:00Z","checkTimeEt":"03/06 20:59","death":1478,"hospitalized":3880,"hospitalizedDischarged":null,"dateChecked":"2021-03-07T01:59:00Z","totalTestsViral":1536487,"positiveTestsViral":null,"negativeTestsViral":null,"positiveCasesViral":94928,"deathConfirmed":null,"deathProbable":null,"totalTestEncountersViral":1425146,"totalTestsPeopleViral":406303,"totalTestsAntibody":13395,"positiveTestsAntibody":1442,"negativeTestsAntibody":11953,"totalTestsPeopleAntibody":null,"positiveTestsPeopleAntibody":null,"negativeTestsPeopleAntibody":null,"totalTestsPeopleAntigen":null,"positiveTestsPeopleAntigen":null,"totalTestsAntigen":156698,"positiveTestsAntigen":null,"fips":"38","positiveIncrease":34,"negativeIncrease":-109,"total":406303,"totalTestResultsIncrease":679,"posNeg":406303,"dataQualityGrade":null,"deathIncrease":0,"hospitalizedIncrease":2,"hash":"b3abc1dd973748f208669df68a22ab8ebda16a96","commercialScore":0,"negativeRegularScore":0,"negativeScore":0,"positiveScore":0,"score":0,"grade":""},{"date":20210307,"state":"NE","positive":203026,"probableCases":null,"negative":771128,"pending":null,"totalTestResultsSource":"totalTestsViral","totalTestResults":2421684,"hospitalizedCurrently":137,"hospitalizedCumulative":6237,"inIcuCurrently":null,"inIcuCumulative":null,"onVentilatorCurrently":null,"onVentilatorCumulative":null,"recovered":157144,"lastUpdateEt":"3/7/2021 11:15","dateModified":"2021-03-07T11:15:00Z","checkTimeEt":"03/07 06:15","death":2113,"hospitalized":6237,"hospitalizedDischarged":null,"dateChecked":"2021-03-07T11:15:00Z","totalTestsViral":2421684,"positiveTestsViral":235965,"negativeTestsViral":2182938,"positiveCasesViral":null,"deathConfirmed":null,"deathProbable":null,"totalTestEncountersViral":null,"totalTestsPeopleViral":974759,"totalTestsAntibody":null,"positiveTestsAntibody":null,"negativeTestsAntibody":null,"totalTestsPeopleAntibody":null,"positiveTestsPeopleAntibody":null,"negativeTestsPeopleAntibody":null,"totalTestsPeopleAntigen":null,"positiveTestsPeopleAntigen":null,"totalTestsAntigen":null,"positiveTestsAntigen":null,"fips":"31","positiveIncrease":373,"negativeIncrease":542,"total":974154,"totalTestResultsIncrease":1,"posNeg":974154,"dataQualityGrade":null,"deathIncrease":0,"hospitalizedIncrease":8,"hash":"3f55dc5e02818a3abbd58e07cf80bdfe4abc60f1","commercialScore":0,"negativeRegularScore":0,"negativeScore":0,"positiveScore":0,"score":0,"grade":""},{"date":20210307,"state":"NH","positive":76861,"probableCases":22797,"negative":579582,"pending":null,"totalTestResultsSource":"totalTestsViral","totalTestResults":1497185,"hospitalizedCurrently":68,"hospitalizedCumulative":1131,"inIcuCurrently":null,"inIcuCumulative":348,"onVentilatorCurrently":null,"onVentilatorCumulative":null,"recovered":73615,"lastUpdateEt":"3/7/2021 09:00","dateModified":"2021-03-07T09:00:00Z","checkTimeEt":"03/07 04:00","death":1184,"hospitalized":1131,"hospitalizedDischarged":null,"dateChecked":"2021-03-07T09:00:00Z","totalTestsViral":1497185,"positiveTestsViral":null,"negativeTestsViral":null,"positiveCasesViral":54064,"deathConfirmed":null,"deathProbable":null,"totalTestEncountersViral":null,"totalTestsPeopleViral":633646,"totalTestsAntibody":39545,"positiveTestsAntibody":null,"negativeTestsAntibody":null,"totalTestsPeopleAntibody":37918,"positiveTestsPeopleAntibody":null,"negativeTestsPeopleAntibody":null,"totalTestsPeopleAntigen":null,"positiveTestsPeopleAntigen":null,"totalTestsAntigen":205103,"positiveTestsAntigen":null,"fips":"33","positiveIncrease":166,"negativeIncrease":396,"total":656443,"totalTestResultsIncrease":15697,"posNeg":656443,"dataQualityGrade":null,"deathIncrease":3,"hospitalizedIncrease":4,"hash":"984a5b49a111e92bec03e2188180fa977e211111","commercialScore":0,"negativeRegularScore":0,"negativeScore":0,"positiveScore":0,"score":0,"grade":""},{"date":20210307,"state":"NJ","positive":812609,"probableCases":91670,"negative":10186941,"pending":null,"totalTestResultsSource":"posNeg","totalTestResults":10999550,"hospitalizedCurrently":1792,"hospitalizedCumulative":64396,"inIcuCurrently":376,"inIcuCumulative":null,"onVentilatorCurrently":232,"onVentilatorCumulative":null,"recovered":null,"lastUpdateEt":"3/7/2021 00:00","dateModified":"2021-03-07T00:00:00Z","checkTimeEt":"03/06 19:00","death":23574,"hospitalized":64396,"hospitalizedDischarged":77193,"dateChecked":"2021-03-07T00:00:00Z","totalTestsViral":10902830,"positiveTestsViral":null,"negativeTestsViral":null,"positiveCasesViral":720939,"deathConfirmed":21177,"deathProbable":2397,"totalTestEncountersViral":null,"totalTestsPeopleViral":null,"totalTestsAntibody":null,"positiveTestsAntibody":null,"negativeTestsAntibody":null,"totalTestsPeopleAntibody":null,"positiveTestsPeopleAntibody":null,"negativeTestsPeopleAntibody":null,"totalTestsPeopleAntigen":null,"positiveTestsPeopleAntigen":null,"totalTestsAntigen":null,"positiveTestsAntigen":null,"fips":"34","positiveIncrease":2519,"negativeIncrease":0,"total":10999550,"totalTestResultsIncrease":2519,"posNeg":10999550,"dataQualityGrade":null,"deathIncrease":17,"hospitalizedIncrease":58,"hash":"343068629601e5564b578db7541484baf3ef552f","commercialScore":0,"negativeRegularScore":0,"negativeScore":0,"positiveScore":0,"score":0,"grade":""},{"date":20210307,"state":"NM","positive":186922,"probableCases":null,"negative":null,"pending":null,"totalTestResultsSource":"totalTestsViral","totalTestResults":2783542,"hospitalizedCurrently":169,"hospitalizedCumulative":13252,"inIcuCurrently":null,"inIcuCumulative":null,"onVentilatorCurrently":null,"onVentilatorCumulative":null,"recovered":156554,"lastUpdateEt":"3/7/2021 17:37","dateModified":"2021-03-07T17:37:00Z","checkTimeEt":"03/07 12:37","death":3808,"hospitalized":13252,"hospitalizedDischarged":null,"dateChecked":"2021-03-07T17:37:00Z","totalTestsViral":2783542,"positiveTestsViral":null,"negativeTestsViral":null,"positiveCasesViral":null,"deathConfirmed":null,"deathProbable":null,"totalTestEncountersViral":null,"totalTestsPeopleViral":null,"totalTestsAntibody":null,"positiveTestsAntibody":null,"negativeTestsAntibody":null,"totalTestsPeopleAntibody":null,"positiveTestsPeopleAntibody":null,"negativeTestsPeopleAntibody":null,"totalTestsPeopleAntigen":null,"positiveTestsPeopleAntigen":null,"totalTestsAntigen":null,"positiveTestsAntigen":null,"fips":"35","positiveIncrease":180,"negativeIncrease":0,"total":186922,"totalTestResultsIncrease":11702,"posNeg":186922,"dataQualityGrade":null,"deathIncrease":12,"hospitalizedIncrease":10,"hash":"254a01ca85894315ed1ae612eb1b457ed198ac62","commercialScore":0,"negativeRegularScore":0,"negativeScore":0,"positiveScore":0,"score":0,"grade":""},{"date":20210307,"state":"NV","positive":296190,"probableCases":null,"negative":1131758,"pending":null,"totalTestResultsSource":"totalTestEncountersViral","totalTestResults":2770192,"hospitalizedCurrently":399,"hospitalizedCumulative":null,"inIcuCurrently":87,"inIcuCumulative":null,"onVentilatorCurrently":48,"onVentilatorCumulative":null,"recovered":null,"lastUpdateEt":"3/6/2021 00:00","dateModified":"2021-03-06T00:00:00Z","checkTimeEt":"03/05 19:00","death":5037,"hospitalized":null,"hospitalizedDischarged":null,"dateChecked":"2021-03-06T00:00:00Z","totalTestsViral":null,"positiveTestsViral":null,"negativeTestsViral":null,"positiveCasesViral":296190,"deathConfirmed":null,"deathProbable":null,"totalTestEncountersViral":2770192,"totalTestsPeopleViral":1427948,"totalTestsAntibody":null,"positiveTestsAntibody":null,"negativeTestsAntibody":null,"totalTestsPeopleAntibody":null,"positiveTestsPeopleAntibody":null,"negativeTestsPeopleAntibody":null,"totalTestsPeopleAntigen":null,"positiveTestsPeopleAntigen":null,"totalTestsAntigen":null,"positiveTestsAntigen":null,"fips":"32","positiveIncrease":730,"negativeIncrease":1829,"total":1427948,"totalTestResultsIncrease":6201,"posNeg":1427948,"dataQualityGrade":null,"deathIncrease":1,"hospitalizedIncrease":0,"hash":"fcbdfd6c3ee8359e623bb9bc5a6bdb0fc780b75e","commercialScore":0,"negativeRegularScore":0,"negativeScore":0,"positiveScore":0,"score":0,"grade":""},{"date":20210307,"state":"NY","positive":1681169,"probableCases":null,"negative":null,"pending":null,"totalTestResultsSource":"totalTestEncountersViral","totalTestResults":39695100,"hospitalizedCurrently":4789,"hospitalizedCumulative":89995,"inIcuCurrently":999,"inIcuCumulative":null,"onVentilatorCurrently":682,"onVentilatorCumulative":null,"recovered":null,"lastUpdateEt":"3/6/2021 14:00","dateModified":"2021-03-06T14:00:00Z","checkTimeEt":"03/06 09:00","death":39029,"hospitalized":89995,"hospitalizedDischarged":150100,"dateChecked":"2021-03-06T14:00:00Z","totalTestsViral":null,"positiveTestsViral":null,"negativeTestsViral":null,"positiveCasesViral":null,"deathConfirmed":null,"deathProbable":null,"totalTestEncountersViral":39695100,"totalTestsPeopleViral":null,"totalTestsAntibody":null,"positiveTestsAntibody":null,"negativeTestsAntibody":null,"totalTestsPeopleAntibody":null,"positiveTestsPeopleAntibody":null,"negativeTestsPeopleAntibody":null,"totalTestsPeopleAntigen":null,"positiveTestsPeopleAntigen":null,"totalTestsAntigen":null,"positiveTestsAntigen":null,"fips":"36","positiveIncrease":6789,"negativeIncrease":0,"total":1681169,"totalTestResultsIncrease":227768,"posNeg":1681169,"dataQualityGrade":null,"deathIncrease":59,"hospitalizedIncrease":0,"hash":"72f520a3538592c24dde022170ae82841d4d2ef9","commercialScore":0,"negativeRegularScore":0,"negativeScore":0,"positiveScore":0,"score":0,"grade":""},{"date":20210307,"state":"OH","positive":978471,"probableCases":142113,"negative":null,"pending":null,"totalTestResultsSource":"totalTestsViral","totalTestResults":10257157,"hospitalizedCurrently":820,"hospitalizedCumulative":50881,"inIcuCurrently":260,"inIcuCumulative":7207,"onVentilatorCurrently":171,"onVentilatorCumulative":null,"recovered":925655,"lastUpdateEt":"3/7/2021 14:00","dateModified":"2021-03-07T14:00:00Z","checkTimeEt":"03/07 09:00","death":17656,"hospitalized":50881,"hospitalizedDischarged":null,"dateChecked":"2021-03-07T14:00:00Z","totalTestsViral":10257157,"positiveTestsViral":864925,"negativeTestsViral":null,"positiveCasesViral":836358,"deathConfirmed":14752,"deathProbable":2594,"totalTestEncountersViral":null,"totalTestsPeopleViral":null,"totalTestsAntibody":null,"positiveTestsAntibody":null,"negativeTestsAntibody":null,"totalTestsPeopleAntibody":null,"positiveTestsPeopleAntibody":null,"negativeTestsPeopleAntibody":null,"totalTestsPeopleAntigen":null,"positiveTestsPeopleAntigen":null,"totalTestsAntigen":1798150,"positiveTestsAntigen":86990,"fips":"39","positiveIncrease":735,"negativeIncrease":0,"total":978471,"totalTestResultsIncrease":29289,"posNeg":978471,"dataQualityGrade":null,"deathIncrease":0,"hospitalizedIncrease":33,"hash":"b32fec674723dd2c970e0f0c05036a44be63b80b","commercialScore":0,"negativeRegularScore":0,"negativeScore":0,"positiveScore":0,"score":0,"grade":""},{"date":20210307,"state":"OK","positive":428997,"probableCases":null,"negative":3146300,"pending":2984,"totalTestResultsSource":"posNeg","totalTestResults":3575297,"hospitalizedCurrently":346,"hospitalizedCumulative":24332,"inIcuCurrently":100,"inIcuCumulative":null,"onVentilatorCurrently":null,"onVentilatorCumulative":null,"recovered":412177,"lastUpdateEt":null,"dateModified":null,"checkTimeEt":null,"death":4534,"hospitalized":24332,"hospitalizedDischarged":null,"dateChecked":null,"totalTestsViral":3548479,"positiveTestsViral":389855,"negativeTestsViral":3146300,"positiveCasesViral":null,"deathConfirmed":null,"deathProbable":null,"totalTestEncountersViral":null,"totalTestsPeopleViral":null,"totalTestsAntibody":152279,"positiveTestsAntibody":23139,"negativeTestsAntibody":null,"totalTestsPeopleAntibody":null,"positiveTestsPeopleAntibody":null,"negativeTestsPeopleAntibody":null,"totalTestsPeopleAntigen":null,"positiveTestsPeopleAntigen":null,"totalTestsAntigen":null,"positiveTestsAntigen":null,"fips":"40","positiveIncrease":461,"negativeIncrease":0,"total":3578281,"totalTestResultsIncrease":461,"posNeg":3575297,"dataQualityGrade":null,"deathIncrease":0,"hospitalizedIncrease":55,"hash":"3019887dd90821b78021a57adfdafde0617d7a31","commercialScore":0,"negativeRegularScore":0,"negativeScore":0,"positiveScore":0,"score":0,"grade":""},{"date":20210307,"state":"OR","positive":157079,"probableCases":null,"negative":null,"pending":null,"totalTestResultsSource":"totalTestsViral","totalTestResults":3850973,"hospitalizedCurrently":158,"hospitalizedCumulative":8714,"inIcuCurrently":32,"inIcuCumulative":null,"onVentilatorCurrently":12,"onVentilatorCumulative":null,"recovered":null,"lastUpdateEt":"3/6/2021 03:01","dateModified":"2021-03-06T03:01:00Z","checkTimeEt":"03/05 22:01","death":2296,"hospitalized":8714,"hospitalizedDischarged":null,"dateChecked":"2021-03-06T03:01:00Z","totalTestsViral":3850973,"positiveTestsViral":226972,"negativeTestsViral":3624001,"positiveCasesViral":null,"deathConfirmed":null,"deathProbable":null,"totalTestEncountersViral":null,"totalTestsPeopleViral":null,"totalTestsAntibody":null,"positiveTestsAntibody":null,"negativeTestsAntibody":null,"totalTestsPeopleAntibody":null,"positiveTestsPeopleAntibody":null,"negativeTestsPeopleAntibody":null,"totalTestsPeopleAntigen":null,"positiveTestsPeopleAntigen":null,"totalTestsAntigen":null,"positiveTestsAntigen":null,"fips":"41","positiveIncrease":195,"negativeIncrease":0,"total":157079,"totalTestResultsIncrease":0,"posNeg":157079,"dataQualityGrade":null,"deathIncrease":3,"hospitalizedIncrease":0,"hash":"1ad86cf428e4cfe4db9d50dbee81e76f8a780e29","commercialScore":0,"negativeRegularScore":0,"negativeScore":0,"positiveScore":0,"score":0,"grade":""},{"date":20210307,"state":"PA","positive":948643,"probableCases":134103,"negative":3942124,"pending":null,"totalTestResultsSource":"totalTestEncountersViral","totalTestResults":10681716,"hospitalizedCurrently":1587,"hospitalizedCumulative":null,"inIcuCurrently":314,"inIcuCumulative":null,"onVentilatorCurrently":183,"onVentilatorCumulative":null,"recovered":861756,"lastUpdateEt":"3/7/2021 12:00","dateModified":"2021-03-07T12:00:00Z","checkTimeEt":"03/07 07:00","death":24349,"hospitalized":null,"hospitalizedDischarged":null,"dateChecked":"2021-03-07T12:00:00Z","totalTestsViral":null,"positiveTestsViral":null,"negativeTestsViral":null,"positiveCasesViral":814540,"deathConfirmed":null,"deathProbable":null,"totalTestEncountersViral":10681716,"totalTestsPeopleViral":4756664,"totalTestsAntibody":null,"positiveTestsAntibody":null,"negativeTestsAntibody":null,"totalTestsPeopleAntibody":null,"positiveTestsPeopleAntibody":null,"negativeTestsPeopleAntibody":null,"totalTestsPeopleAntigen":null,"positiveTestsPeopleAntigen":null,"totalTestsAntigen":null,"positiveTestsAntigen":null,"fips":"42","positiveIncrease":1658,"negativeIncrease":6592,"total":4890767,"totalTestResultsIncrease":52432,"posNeg":4890767,"dataQualityGrade":null,"deathIncrease":32,"hospitalizedIncrease":0,"hash":"cc747d66ac5b93580b1cd7b3f292eb5ee0fb5910","commercialScore":0,"negativeRegularScore":0,"negativeScore":0,"positiveScore":0,"score":0,"grade":""},{"date":20210307,"state":"PR","positive":101327,"probableCases":7991,"negative":305972,"pending":null,"totalTestResultsSource":"posNeg","totalTestResults":407299,"hospitalizedCurrently":147,"hospitalizedCumulative":null,"inIcuCurrently":24,"inIcuCumulative":null,"onVentilatorCurrently":18,"onVentilatorCumulative":null,"recovered":91987,"lastUpdateEt":"3/6/2021 00:00","dateModified":"2021-03-06T00:00:00Z","checkTimeEt":"03/05 19:00","death":2059,"hospitalized":null,"hospitalizedDischarged":null,"dateChecked":"2021-03-06T00:00:00Z","totalTestsViral":415664,"positiveTestsViral":20103,"negativeTestsViral":395291,"positiveCasesViral":93336,"deathConfirmed":1749,"deathProbable":310,"totalTestEncountersViral":null,"totalTestsPeopleViral":null,"totalTestsAntibody":null,"positiveTestsAntibody":84115,"negativeTestsAntibody":null,"totalTestsPeopleAntibody":null,"positiveTestsPeopleAntibody":null,"negativeTestsPeopleAntibody":null,"totalTestsPeopleAntigen":null,"positiveTestsPeopleAntigen":null,"totalTestsAntigen":null,"positiveTestsAntigen":null,"fips":"72","positiveIncrease":0,"negativeIncrease":0,"total":407299,"totalTestResultsIncrease":0,"posNeg":407299,"dataQualityGrade":null,"deathIncrease":0,"hospitalizedIncrease":0,"hash":"d90280f1333ff56cfc42e1fbc293374b6d68ceb8","commercialScore":0,"negativeRegularScore":0,"negativeScore":0,"positiveScore":0,"score":0,"grade":""},{"date":20210307,"state":"RI","positive":128121,"probableCases":null,"negative":674515,"pending":null,"totalTestResultsSource":"totalTestEncountersViral","totalTestResults":3087981,"hospitalizedCurrently":141,"hospitalizedCumulative":9020,"inIcuCurrently":25,"inIcuCumulative":null,"onVentilatorCurrently":16,"onVentilatorCumulative":null,"recovered":null,"lastUpdateEt":"3/5/2021 13:00","dateModified":"2021-03-05T13:00:00Z","checkTimeEt":"03/05 08:00","death":2541,"hospitalized":9020,"hospitalizedDischarged":7865,"dateChecked":"2021-03-05T13:00:00Z","totalTestsViral":null,"positiveTestsViral":152549,"negativeTestsViral":2935432,"positiveCasesViral":null,"deathConfirmed":null,"deathProbable":null,"totalTestEncountersViral":3087981,"totalTestsPeopleViral":802636,"totalTestsAntibody":null,"positiveTestsAntibody":null,"negativeTestsAntibody":null,"totalTestsPeopleAntibody":null,"positiveTestsPeopleAntibody":null,"negativeTestsPeopleAntibody":null,"totalTestsPeopleAntigen":null,"positiveTestsPeopleAntigen":null,"totalTestsAntigen":null,"positiveTestsAntigen":null,"fips":"44","positiveIncrease":0,"negativeIncrease":0,"total":802636,"totalTestResultsIncrease":0,"posNeg":802636,"dataQualityGrade":null,"deathIncrease":0,"hospitalizedIncrease":0,"hash":"664f3184f0c6633ce2f4c190b373fcb125a483a4","commercialScore":0,"negativeRegularScore":0,"negativeScore":0,"positiveScore":0,"score":0,"grade":""},{"date":20210307,"state":"SC","positive":525865,"probableCases":75888,"negative":4657179,"pending":null,"totalTestResultsSource":"posNeg","totalTestResults":5183044,"hospitalizedCurrently":579,"hospitalizedCumulative":20725,"inIcuCurrently":137,"inIcuCumulative":null,"onVentilatorCurrently":83,"onVentilatorCumulative":null,"recovered":218863,"lastUpdateEt":"3/5/2021 23:59","dateModified":"2021-03-05T23:59:00Z","checkTimeEt":"03/05 18:59","death":8754,"hospitalized":20725,"hospitalizedDischarged":null,"dateChecked":"2021-03-05T23:59:00Z","totalTestsViral":5107156,"positiveTestsViral":580893,"negativeTestsViral":4526263,"positiveCasesViral":449977,"deathConfirmed":7744,"deathProbable":1010,"totalTestEncountersViral":null,"totalTestsPeopleViral":null,"totalTestsAntibody":135125,"positiveTestsAntibody":28316,"negativeTestsAntibody":106809,"totalTestsPeopleAntibody":null,"positiveTestsPeopleAntibody":null,"negativeTestsPeopleAntibody":null,"totalTestsPeopleAntigen":null,"positiveTestsPeopleAntigen":null,"totalTestsAntigen":912838,"positiveTestsAntigen":111239,"fips":"45","positiveIncrease":1408,"negativeIncrease":25856,"total":5183044,"totalTestResultsIncrease":27264,"posNeg":5183044,"dataQualityGrade":null,"deathIncrease":35,"hospitalizedIncrease":66,"hash":"c5272b7792f489dd298d492dd7de3d822a4a6638","commercialScore":0,"negativeRegularScore":0,"negativeScore":0,"positiveScore":0,"score":0,"grade":""},{"date":20210307,"state":"SD","positive":113589,"probableCases":12899,"negative":314540,"pending":null,"totalTestResultsSource":"totalTestsViral","totalTestResults":701924,"hospitalizedCurrently":72,"hospitalizedCumulative":6705,"inIcuCurrently":9,"inIcuCumulative":null,"onVentilatorCurrently":6,"onVentilatorCumulative":null,"recovered":109531,"lastUpdateEt":"3/6/2021 14:00","dateModified":"2021-03-06T14:00:00Z","checkTimeEt":"03/06 09:00","death":1900,"hospitalized":6705,"hospitalizedDischarged":null,"dateChecked":"2021-03-06T14:00:00Z","totalTestsViral":701924,"positiveTestsViral":105096,"negativeTestsViral":null,"positiveCasesViral":100690,"deathConfirmed":null,"deathProbable":null,"totalTestEncountersViral":null,"totalTestsPeopleViral":428129,"totalTestsAntibody":null,"positiveTestsAntibody":null,"negativeTestsAntibody":null,"totalTestsPeopleAntibody":null,"positiveTestsPeopleAntibody":null,"negativeTestsPeopleAntibody":null,"totalTestsPeopleAntigen":null,"positiveTestsPeopleAntigen":null,"totalTestsAntigen":null,"positiveTestsAntigen":null,"fips":"46","positiveIncrease":211,"negativeIncrease":524,"total":428129,"totalTestResultsIncrease":1275,"posNeg":428129,"dataQualityGrade":null,"deathIncrease":2,"hospitalizedIncrease":13,"hash":"b21c02251eddfda5478494054c1d8626d9c5079e","commercialScore":0,"negativeRegularScore":0,"negativeScore":0,"positiveScore":0,"score":0,"grade":""},{"date":20210307,"state":"TN","positive":782206,"probableCases":128301,"negative":null,"pending":null,"totalTestResultsSource":"totalTestsViral","totalTestResults":6872745,"hospitalizedCurrently":851,"hospitalizedCumulative":18870,"inIcuCurrently":218,"inIcuCumulative":null,"onVentilatorCurrently":127,"onVentilatorCumulative":null,"recovered":756793,"lastUpdateEt":"3/6/2021 15:00","dateModified":"2021-03-06T15:00:00Z","checkTimeEt":"03/06 10:00","death":11543,"hospitalized":18870,"hospitalizedDischarged":null,"dateChecked":"2021-03-06T15:00:00Z","totalTestsViral":6872745,"positiveTestsViral":753695,"negativeTestsViral":6119050,"positiveCasesViral":653905,"deathConfirmed":9278,"deathProbable":2265,"totalTestEncountersViral":null,"totalTestsPeopleViral":null,"totalTestsAntibody":null,"positiveTestsAntibody":null,"negativeTestsAntibody":null,"totalTestsPeopleAntibody":null,"positiveTestsPeopleAntibody":null,"negativeTestsPeopleAntibody":null,"totalTestsPeopleAntigen":null,"positiveTestsPeopleAntigen":null,"totalTestsAntigen":1430665,"positiveTestsAntigen":140582,"fips":"47","positiveIncrease":0,"negativeIncrease":0,"total":782206,"totalTestResultsIncrease":0,"posNeg":782206,"dataQualityGrade":null,"deathIncrease":0,"hospitalizedIncrease":0,"hash":"8dbae9bf92c2cb76e0e4c5673175365e9d53e071","commercialScore":0,"negativeRegularScore":0,"negativeScore":0,"positiveScore":0,"score":0,"grade":""},{"date":20210307,"state":"TX","positive":2686818,"probableCases":365961,"negative":null,"pending":null,"totalTestResultsSource":"totalTestsViral","totalTestResults":19907384,"hospitalizedCurrently":4721,"hospitalizedCumulative":null,"inIcuCurrently":1463,"inIcuCumulative":null,"onVentilatorCurrently":null,"onVentilatorCumulative":null,"recovered":2502609,"lastUpdateEt":"3/7/2021 15:05","dateModified":"2021-03-07T15:05:00Z","checkTimeEt":"03/07 10:05","death":44451,"hospitalized":null,"hospitalizedDischarged":null,"dateChecked":"2021-03-07T15:05:00Z","totalTestsViral":19907384,"positiveTestsViral":2628176,"negativeTestsViral":null,"positiveCasesViral":2320857,"deathConfirmed":null,"deathProbable":null,"totalTestEncountersViral":null,"totalTestsPeopleViral":null,"totalTestsAntibody":1033285,"positiveTestsAntibody":159003,"negativeTestsAntibody":null,"totalTestsPeopleAntibody":null,"positiveTestsPeopleAntibody":null,"negativeTestsPeopleAntibody":null,"totalTestsPeopleAntigen":null,"positiveTestsPeopleAntigen":null,"totalTestsAntigen":2664340,"positiveTestsAntigen":211014,"fips":"48","positiveIncrease":2953,"negativeIncrease":0,"total":2686818,"totalTestResultsIncrease":76040,"posNeg":2686818,"dataQualityGrade":null,"deathIncrease":84,"hospitalizedIncrease":0,"hash":"3fcdc4c2d3b36a167a791fa8677cf5d19ca67464","commercialScore":0,"negativeRegularScore":0,"negativeScore":0,"positiveScore":0,"score":0,"grade":""},{"date":20210307,"state":"UT","positive":374850,"probableCases":null,"negative":1560293,"pending":null,"totalTestResultsSource":"totalTestsViral","totalTestResults":2910121,"hospitalizedCurrently":212,"hospitalizedCumulative":14891,"inIcuCurrently":73,"inIcuCumulative":2344,"onVentilatorCurrently":null,"onVentilatorCumulative":822,"recovered":358958,"lastUpdateEt":"3/7/2021 09:35","dateModified":"2021-03-07T09:35:00Z","checkTimeEt":"03/07 04:35","death":1976,"hospitalized":14891,"hospitalizedDischarged":null,"dateChecked":"2021-03-07T09:35:00Z","totalTestsViral":2910121,"positiveTestsViral":345990,"negativeTestsViral":2564131,"positiveCasesViral":null,"deathConfirmed":null,"deathProbable":null,"totalTestEncountersViral":null,"totalTestsPeopleViral":1876802,"totalTestsAntibody":null,"positiveTestsAntibody":null,"negativeTestsAntibody":null,"totalTestsPeopleAntibody":null,"positiveTestsPeopleAntibody":null,"negativeTestsPeopleAntibody":null,"totalTestsPeopleAntigen":371319,"positiveTestsPeopleAntigen":57683,"totalTestsAntigen":1002177,"positiveTestsAntigen":60158,"fips":"49","positiveIncrease":412,"negativeIncrease":3204,"total":1935143,"totalTestResultsIncrease":6828,"posNeg":1935143,"dataQualityGrade":null,"deathIncrease":1,"hospitalizedIncrease":24,"hash":"d759cc6bb12e652ba45ca3a0dbd31f3b951eae34","commercialScore":0,"negativeRegularScore":0,"negativeScore":0,"positiveScore":0,"score":0,"grade":""},{"date":20210307,"state":"VA","positive":585700,"probableCases":124528,"negative":null,"pending":169,"totalTestResultsSource":"totalTestEncountersViral","totalTestResults":6038209,"hospitalizedCurrently":1127,"hospitalizedCumulative":24661,"inIcuCurrently":258,"inIcuCumulative":null,"onVentilatorCurrently":168,"onVentilatorCumulative":null,"recovered":null,"lastUpdateEt":"3/6/2021 17:00","dateModified":"2021-03-06T17:00:00Z","checkTimeEt":"03/06 12:00","death":9596,"hospitalized":24661,"hospitalizedDischarged":48428,"dateChecked":"2021-03-06T17:00:00Z","totalTestsViral":null,"positiveTestsViral":562266,"negativeTestsViral":null,"positiveCasesViral":461172,"deathConfirmed":8104,"deathProbable":1492,"totalTestEncountersViral":6038209,"totalTestsPeopleViral":null,"totalTestsAntibody":224284,"positiveTestsAntibody":28980,"negativeTestsAntibody":null,"totalTestsPeopleAntibody":null,"positiveTestsPeopleAntibody":null,"negativeTestsPeopleAntibody":null,"totalTestsPeopleAntigen":null,"positiveTestsPeopleAntigen":null,"totalTestsAntigen":1454389,"positiveTestsAntigen":125061,"fips":"51","positiveIncrease":1163,"negativeIncrease":0,"total":585869,"totalTestResultsIncrease":19925,"posNeg":585700,"dataQualityGrade":null,"deathIncrease":77,"hospitalizedIncrease":24,"hash":"58ad2cd3f6aa6b7a6c2f9582b0d521a559461f2a","commercialScore":0,"negativeRegularScore":0,"negativeScore":0,"positiveScore":0,"score":0,"grade":""},{"date":20210307,"state":"VI","positive":2714,"probableCases":null,"negative":46167,"pending":80,"totalTestResultsSource":"posNeg","totalTestResults":48881,"hospitalizedCurrently":null,"hospitalizedCumulative":null,"inIcuCurrently":null,"inIcuCumulative":null,"onVentilatorCurrently":null,"onVentilatorCumulative":null,"recovered":2559,"lastUpdateEt":"3/5/2021 11:18","dateModified":"2021-03-05T11:18:00Z","checkTimeEt":"03/05 06:18","death":25,"hospitalized":null,"hospitalizedDischarged":null,"dateChecked":"2021-03-05T11:18:00Z","totalTestsViral":null,"positiveTestsViral":null,"negativeTestsViral":null,"positiveCasesViral":null,"deathConfirmed":25,"deathProbable":null,"totalTestEncountersViral":null,"totalTestsPeopleViral":48961,"totalTestsAntibody":null,"positiveTestsAntibody":null,"negativeTestsAntibody":null,"totalTestsPeopleAntibody":null,"positiveTestsPeopleAntibody":null,"negativeTestsPeopleAntibody":null,"totalTestsPeopleAntigen":null,"positiveTestsPeopleAntigen":null,"totalTestsAntigen":null,"positiveTestsAntigen":null,"fips":"78","positiveIncrease":0,"negativeIncrease":0,"total":48961,"totalTestResultsIncrease":0,"posNeg":48881,"dataQualityGrade":null,"deathIncrease":0,"hospitalizedIncrease":0,"hash":"af836e98493cc7b5474acf9302ffe87d9568a0db","commercialScore":0,"negativeRegularScore":0,"negativeScore":0,"positiveScore":0,"score":0,"grade":""},{"date":20210307,"state":"VT","positive":16083,"probableCases":448,"negative":320060,"pending":null,"totalTestResultsSource":"totalTestsViral","totalTestResults":1124215,"hospitalizedCurrently":31,"hospitalizedCumulative":null,"inIcuCurrently":1,"inIcuCumulative":null,"onVentilatorCurrently":null,"onVentilatorCumulative":null,"recovered":13384,"lastUpdateEt":"3/6/2021 23:59","dateModified":"2021-03-06T23:59:00Z","checkTimeEt":"03/06 18:59","death":208,"hospitalized":null,"hospitalizedDischarged":null,"dateChecked":"2021-03-06T23:59:00Z","totalTestsViral":1124215,"positiveTestsViral":null,"negativeTestsViral":null,"positiveCasesViral":15635,"deathConfirmed":null,"deathProbable":null,"totalTestEncountersViral":null,"totalTestsPeopleViral":335695,"totalTestsAntibody":null,"positiveTestsAntibody":null,"negativeTestsAntibody":null,"totalTestsPeopleAntibody":null,"positiveTestsPeopleAntibody":null,"negativeTestsPeopleAntibody":null,"totalTestsPeopleAntigen":null,"positiveTestsPeopleAntigen":null,"totalTestsAntigen":null,"positiveTestsAntigen":null,"fips":"50","positiveIncrease":119,"negativeIncrease":643,"total":336143,"totalTestResultsIncrease":8748,"posNeg":336143,"dataQualityGrade":null,"deathIncrease":0,"hospitalizedIncrease":0,"hash":"ac73442d27f7fec957e7a11a9123f360b4a15724","commercialScore":0,"negativeRegularScore":0,"negativeScore":0,"positiveScore":0,"score":0,"grade":""},{"date":20210307,"state":"WA","positive":344532,"probableCases":19479,"negative":null,"pending":null,"totalTestResultsSource":"totalTestEncountersViral","totalTestResults":5393756,"hospitalizedCurrently":431,"hospitalizedCumulative":19599,"inIcuCurrently":98,"inIcuCumulative":null,"onVentilatorCurrently":43,"onVentilatorCumulative":null,"recovered":null,"lastUpdateEt":"3/6/2021 02:59","dateModified":"2021-03-06T02:59:00Z","checkTimeEt":"03/05 21:59","death":5041,"hospitalized":19599,"hospitalizedDischarged":null,"dateChecked":"2021-03-06T02:59:00Z","totalTestsViral":null,"positiveTestsViral":324994,"negativeTestsViral":5068404,"positiveCasesViral":325053,"deathConfirmed":null,"deathProbable":null,"totalTestEncountersViral":5393756,"totalTestsPeopleViral":null,"totalTestsAntibody":null,"positiveTestsAntibody":null,"negativeTestsAntibody":null,"totalTestsPeopleAntibody":null,"positiveTestsPeopleAntibody":null,"negativeTestsPeopleAntibody":null,"totalTestsPeopleAntigen":null,"positiveTestsPeopleAntigen":null,"totalTestsAntigen":null,"positiveTestsAntigen":null,"fips":"53","positiveIncrease":664,"negativeIncrease":0,"total":344532,"totalTestResultsIncrease":24040,"posNeg":344532,"dataQualityGrade":null,"deathIncrease":0,"hospitalizedIncrease":43,"hash":"d05df9ca1d090fd6a3f3f864eb442dc471e5861e","commercialScore":0,"negativeRegularScore":0,"negativeScore":0,"positiveScore":0,"score":0,"grade":""},{"date":20210307,"state":"WI","positive":621654,"probableCases":54961,"negative":2647864,"pending":31,"totalTestResultsSource":"totalTestEncountersViral","totalTestResults":7080595,"hospitalizedCurrently":249,"hospitalizedCumulative":26457,"inIcuCurrently":66,"inIcuCumulative":2273,"onVentilatorCurrently":null,"onVentilatorCumulative":null,"recovered":553203,"lastUpdateEt":"3/7/2021 00:00","dateModified":"2021-03-07T00:00:00Z","checkTimeEt":"03/06 19:00","death":7106,"hospitalized":26457,"hospitalizedDischarged":null,"dateChecked":"2021-03-07T00:00:00Z","totalTestsViral":null,"positiveTestsViral":null,"negativeTestsViral":null,"positiveCasesViral":566693,"deathConfirmed":6481,"deathProbable":625,"totalTestEncountersViral":7080595,"totalTestsPeopleViral":3214557,"totalTestsAntibody":null,"positiveTestsAntibody":null,"negativeTestsAntibody":null,"totalTestsPeopleAntibody":null,"positiveTestsPeopleAntibody":null,"negativeTestsPeopleAntibody":null,"totalTestsPeopleAntigen":null,"positiveTestsPeopleAntigen":null,"totalTestsAntigen":null,"positiveTestsAntigen":null,"fips":"55","positiveIncrease":377,"negativeIncrease":3521,"total":3269549,"totalTestResultsIncrease":19193,"posNeg":3269518,"dataQualityGrade":null,"deathIncrease":4,"hospitalizedIncrease":25,"hash":"ea0056371780c0d00c44fa4f40092e7e0708a929","commercialScore":0,"negativeRegularScore":0,"negativeScore":0,"positiveScore":0,"score":0,"grade":""},{"date":20210307,"state":"WV","positive":133445,"probableCases":26816,"negative":null,"pending":null,"totalTestResultsSource":"totalTestsViral","totalTestResults":2236551,"hospitalizedCurrently":179,"hospitalizedCumulative":null,"inIcuCurrently":40,"inIcuCumulative":null,"onVentilatorCurrently":26,"onVentilatorCumulative":null,"recovered":125383,"lastUpdateEt":"3/6/2021 23:59","dateModified":"2021-03-06T23:59:00Z","checkTimeEt":"03/06 18:59","death":2325,"hospitalized":null,"hospitalizedDischarged":null,"dateChecked":"2021-03-06T23:59:00Z","totalTestsViral":2236551,"positiveTestsViral":null,"negativeTestsViral":null,"positiveCasesViral":106629,"deathConfirmed":1981,"deathProbable":344,"totalTestEncountersViral":null,"totalTestsPeopleViral":null,"totalTestsAntibody":33011,"positiveTestsAntibody":null,"negativeTestsAntibody":null,"totalTestsPeopleAntibody":null,"positiveTestsPeopleAntibody":null,"negativeTestsPeopleAntibody":null,"totalTestsPeopleAntigen":null,"positiveTestsPeopleAntigen":null,"totalTestsAntigen":null,"positiveTestsAntigen":null,"fips":"54","positiveIncrease":155,"negativeIncrease":0,"total":133445,"totalTestResultsIncrease":6449,"posNeg":133445,"dataQualityGrade":null,"deathIncrease":2,"hospitalizedIncrease":0,"hash":"0884533b2e52491726d3fecba78a4971bfa7bc4d","commercialScore":0,"negativeRegularScore":0,"negativeScore":0,"positiveScore":0,"score":0,"grade":""},{"date":20210307,"state":"WY","positive":54764,"probableCases":8367,"negative":182264,"pending":null,"totalTestResultsSource":"totalTestsViral","totalTestResults":649293,"hospitalizedCurrently":21,"hospitalizedCumulative":1391,"inIcuCurrently":null,"inIcuCumulative":null,"onVentilatorCurrently":null,"onVentilatorCumulative":null,"recovered":53550,"lastUpdateEt":"3/5/2021 00:00","dateModified":"2021-03-05T00:00:00Z","checkTimeEt":"03/04 19:00","death":682,"hospitalized":1391,"hospitalizedDischarged":null,"dateChecked":"2021-03-05T00:00:00Z","totalTestsViral":649293,"positiveTestsViral":38993,"negativeTestsViral":602513,"positiveCasesViral":46397,"deathConfirmed":null,"deathProbable":null,"totalTestEncountersViral":null,"totalTestsPeopleViral":228661,"totalTestsAntibody":null,"positiveTestsAntibody":null,"negativeTestsAntibody":null,"totalTestsPeopleAntibody":null,"positiveTestsPeopleAntibody":null,"negativeTestsPeopleAntibody":null,"totalTestsPeopleAntigen":null,"positiveTestsPeopleAntigen":null,"totalTestsAntigen":null,"positiveTestsAntigen":null,"fips":"56","positiveIncrease":0,"negativeIncrease":0,"total":237028,"totalTestResultsIncrease":0,"posNeg":237028,"dataQualityGrade":null,"deathIncrease":0,"hospitalizedIncrease":0,"hash":"9cbc8bdcabbaf1f301ec1e48f8c23a4c65753282","commercialScore":0,"negativeRegularScore":0,"negativeScore":0,"positiveScore":0,"score":0,"grade":""}]
