[{"date":20210307,"states":56,"positive":28755524,"negative":74579770,"pending":11808,"hospitalizedCurrently":40212,"hospitalizedCumulative":878613,"inIcuCurrently":8137,"inIcuCumulative":45475,"onVentilatorCurrently":2801,"onVentilatorCumulative":4281,"dateChecked":"2021-03-07T24:00:00Z","death":515142,"hospitalized":878613,"totalTestResults":363789451,"lastModified":"2021-03-07T24:00:00Z","recovered":null,"total":0,"posNeg":0,"deathIncrease":839,"hospitalizedIncrease":726,"negativeIncrease":130414,"positiveIncrease":41265,"totalTestResultsIncrease":1156241,"hash":"8b26839690cd05c0cef69cb9ed85641a76b5e78e"}]
